;links
0;https://encrypted-tbn2.gstatic.com/images?q=tbn:ANd9GcSl1nSB0POP6Ub6CCF6Zau-ezSDFciPQTTqgn4tVM77O5TKA1rZ
1;https://encrypted-tbn0.gstatic.com/favicon-tbn?q=tbn:ANd9GcTQdhYKRbbqgCC_hUKbg1LBwalc5hFvDef04aKtEm4ymk1UmePKJrPlt_LjHvB7Aq1dYoIBbiIJ1NlsjKc5XTus20V-QeQkUPl9ea4gZzUE1nhIYNB2UA
2;https://encrypted-tbn1.gstatic.com/images?q=tbn:ANd9GcQAEIAOmxb-bCHYZ6HTSY--ohV9U2MUlyTGD-8U1GheG9iH69tH
3;https://encrypted-tbn3.gstatic.com/favicon-tbn?q=tbn:ANd9GcTOkSla3xBgSGY8Vxv3HRJORoHcom_0Lnxa4c9OyARUS6iOZa2CuyO7HRMfIn2Nkn3CbNnVyyX9pi45q3fZlr9Qfs6UX7FLxq_TAfsr6fWeezQZfSQGhVc6
4;https://encrypted-tbn2.gstatic.com/images?q=tbn:ANd9GcRmBW7ZlooXQSdIKowQ6_y1SqYy8NSdEZ1QUF83JDmrN-lcMO36
5;https://fonts.gstatic.com/s/i/googlematerialicons/shoppingmode/v12/black-24dp/2x/gm_shoppingmode_black_24dp.png
6;https://encrypted-tbn1.gstatic.com/favicon-tbn?q=tbn:ANd9GcQAr_X4Uk6k3YCQ85yciNmkHToHrq2z4n_nKPoMB0qQiCoYxbUpl54DLDRsOmofcnXLi4ee_CAPGgkZZBc5hUfZ61cPtw299oHSdtyvWXKHP9nYzzNGSdMovo6KVA
7;https://encrypted-tbn1.gstatic.com/images?q=tbn:ANd9GcQ6Zx4J9ETmJGL1RXUKXkD3NAs2O8hylLzBCSqGKNpP6tj5Ba8W
8;https://fonts.gstatic.com/s/i/googlematerialicons/shoppingmode/v12/black-24dp/2x/gm_shoppingmode_black_24dp.png
9;https://encrypted-tbn1.gstatic.com/favicon-tbn?q=tbn:ANd9GcRWJU4B859zMwCiyjIIaitQglRwrY3Fo-UuppUcaCWqnwT0arunCjjiTywXZ_4GJ7Eakm1UJP5O2DSZtr3QljSym-Zek8eHIr7s9H44R06OW8uZbxbpxQ
10;https://encrypted-tbn0.gstatic.com/images?q=tbn:ANd9GcR-FxM8ma8b3qAd4IwvtMUoS8BxSK9BKpmWrAWQFllbPxDUbhIY
11;https://fonts.gstatic.com/s/i/googlematerialicons/shoppingmode/v12/black-24dp/2x/gm_shoppingmode_black_24dp.png
12;https://encrypted-tbn2.gstatic.com/favicon-tbn?q=tbn:ANd9GcRmO_8sjV79Lvr80yZ9v1mjcRZDN1hZFi-kX0mYgHFcDxvZ4OuuaYwV5sxiW05Fr2yEjvT8RYkmpSI3x9KzYnAoAOZc8ty6wCgzyZMh0u3JrhgGpag
13;https://fonts.gstatic.com/s/i/googlematerialicons/shoppingmode/v12/black-24dp/2x/gm_shoppingmode_black_24dp.png
14;https://encrypted-tbn3.gstatic.com/images?q=tbn:ANd9GcTk_488VVoafJrQKT2qV-gvLCAtCSHsBUMJqwxr5DaVPQGHBJOV
15;https://encrypted-tbn0.gstatic.com/favicon-tbn?q=tbn:ANd9GcR8uu0eyn48ZF1vcL25s9wKJZHC-LcKsMqAmumavhWlKKMTfE_tS377VY1FObZN_MfgFOLnJVy-xAlo6J4KKjv_p7u510UE3Jxv0kdOOitAjSDdpA
16;https://encrypted-tbn2.gstatic.com/images?q=tbn:ANd9GcQqgJNWrPu4GNO4jUTnCBw4dPtZbJvvY4se6vZAyam1RQn7_Iza
17;https://encrypted-tbn0.gstatic.com/favicon-tbn?q=tbn:ANd9GcR8uu0eyn48ZF1vcL25s9wKJZHC-LcKsMqAmumavhWlKKMTfE_tS377VY1FObZN_MfgFOLnJVy-xAlo6J4KKjv_p7u510UE3Jxv0kdOOitAjSDdpA
18;https://encrypted-tbn1.gstatic.com/images?q=tbn:ANd9GcTv3CkVgdy0W9ZjiT4Hat21PDUFnRwX-7eNGApc3-r-gt9n6C2K
19;https://encrypted-tbn3.gstatic.com/favicon-tbn?q=tbn:ANd9GcTOkSla3xBgSGY8Vxv3HRJORoHcom_0Lnxa4c9OyARUS6iOZa2CuyO7HRMfIn2Nkn3CbNnVyyX9pi45q3fZlr9Qfs6UX7FLxq_TAfsr6fWeezQZfSQGhVc6
20;https://encrypted-tbn1.gstatic.com/images?q=tbn:ANd9GcQg0defRFaDnDa7iQSv6LT47LKDC-Mwsp2Svb2N6hg9aRk-As2u
21;https://fonts.gstatic.com/s/i/googlematerialicons/shoppingmode/v12/black-24dp/2x/gm_shoppingmode_black_24dp.png
22;https://encrypted-tbn2.gstatic.com/favicon-tbn?q=tbn:ANd9GcTUOPfVj3PhA23WA8T9TK0eLyuJt5IDwaDqQ2HUjEaGnmdkGylqB_m3xY1jRDFCcfyBogfOUDIK3c2klvlBQZsL3lm_J1JZ_JC3mC_CYQf4Qmf-qFO2I822AU9PuQ
23;https://encrypted-tbn1.gstatic.com/images?q=tbn:ANd9GcRzbPtkOhn7e24hAiUHD3tF9A7noz0UQbX0hwKbeNo75zsmxx0_
24;https://encrypted-tbn2.gstatic.com/favicon-tbn?q=tbn:ANd9GcQHXO8rtJRdN0IFwfft5W1DXQsL8mt3NeHsd5fZ3uImPbvQp5lYQKJuVwpX9MxzQnR5xyNVXCTTjLamJ3xizAYkO56TD9fUtF1XqB6l_Q0--yrn-IwK
25;https://encrypted-tbn0.gstatic.com/images?q=tbn:ANd9GcTXEh4_1UMEpxGbnKsNAQOSO_3PF0NEn_4fEnAxJW6pdzMj9r10
26;https://encrypted-tbn2.gstatic.com/images?q=tbn:ANd9GcQtLjrMAkPb4M76iZ__YXex8UiByn4-xq7eURw2QXTvt4Vo-Wg0
27;https://encrypted-tbn0.gstatic.com/favicon-tbn?q=tbn:ANd9GcR8uu0eyn48ZF1vcL25s9wKJZHC-LcKsMqAmumavhWlKKMTfE_tS377VY1FObZN_MfgFOLnJVy-xAlo6J4KKjv_p7u510UE3Jxv0kdOOitAjSDdpA
28;https://encrypted-tbn2.gstatic.com/images?q=tbn:ANd9GcR8eGc8_LjJ9cycU0l5T-JrCVnjhVe5hVAzNCPk_VdedWSPqxNZ
29;https://fonts.gstatic.com/s/i/googlematerialicons/shoppingmode/v12/black-24dp/2x/gm_shoppingmode_black_24dp.png
30;https://encrypted-tbn2.gstatic.com/favicon-tbn?q=tbn:ANd9GcSj2O7Q8Pi431GoY3vwXR5zjb1g6j59vRwnuHfv7tTvSIwjtBGp5rRhvbvR2yVNcsHbSC-WExVL_iIexABlCAHyo15j1HU6ecum5vnIeyhRsyEuJ2cm3g
31;https://encrypted-tbn3.gstatic.com/images?q=tbn:ANd9GcS039l8YBmWO1QQnUBuoI25ruAwdU15q0EiaxAJckmHG17nLQaD
32;https://encrypted-tbn0.gstatic.com/favicon-tbn?q=tbn:ANd9GcR8uu0eyn48ZF1vcL25s9wKJZHC-LcKsMqAmumavhWlKKMTfE_tS377VY1FObZN_MfgFOLnJVy-xAlo6J4KKjv_p7u510UE3Jxv0kdOOitAjSDdpA
33;https://encrypted-tbn1.gstatic.com/images?q=tbn:ANd9GcQyjNT2APyQNAXKsAnh-SvXDqv6WwD6XzAjG0RL-mQKPp9PFYWy
34;https://fonts.gstatic.com/s/i/googlematerialicons/shoppingmode/v12/black-24dp/2x/gm_shoppingmode_black_24dp.png
35;https://encrypted-tbn1.gstatic.com/favicon-tbn?q=tbn:ANd9GcRiMLucPuakFANbSYu-Jfca51m2FGkU0Vw0CJ7ZHbuCQBcWRv2JB72AAOz8H5RWkh1_cyOlOx5FIm2YMlEsbB9iyL7aFIBkj0HmFOd-w2GS0Z2NelONKA
36;https://encrypted-tbn2.gstatic.com/images?q=tbn:ANd9GcQVKoEVHryN4B2Zzaxnzxz79gYkYE1__w6ACRmXNwiRNkfGUybA
37;https://encrypted-tbn0.gstatic.com/favicon-tbn?q=tbn:ANd9GcRICzdUowpPh-f_TtioL95nLb2tR2O0bxgtiTZK-hzg91MUrwr1eZCJPKG0UBjRcVmXVQLsaQqjykcMOeuOqKbJ9rH1Se9uG-bqGEjdXXuKaJIHQiGe
38;https://encrypted-tbn3.gstatic.com/images?q=tbn:ANd9GcSh8ILQEQcRBP95aRXuVdQ6kqkzR5lgXSCir3J4mHHQfzGgVYkh
39;https://fonts.gstatic.com/s/i/googlematerialicons/shoppingmode/v12/black-24dp/2x/gm_shoppingmode_black_24dp.png
40;https://encrypted-tbn2.gstatic.com/images?q=tbn:ANd9GcQTRBKK9JYlLAaQ6Fu3uHW8fQTJWJ68dn-aB9EDxM6ZLZSUgdVZ
41;https://encrypted-tbn3.gstatic.com/favicon-tbn?q=tbn:ANd9GcR1r4sWOziXE2De3mfax_8a7kbIVQUvxGKiRzBSHE-rgZ4EKGJh0_G6xnNQXJ57_TxPVFfN2cD3DcFD1DTV-c--RHkXJDQPmVWPwXGLCnEHEIJ8
42;https://encrypted-tbn0.gstatic.com/images?q=tbn:ANd9GcTk1h6FyRUpCQeHbYvnDI2M4NLFt3NLQyV5E20VamJnC5STJ6Bc
43;https://encrypted-tbn0.gstatic.com/favicon-tbn?q=tbn:ANd9GcRICzdUowpPh-f_TtioL95nLb2tR2O0bxgtiTZK-hzg91MUrwr1eZCJPKG0UBjRcVmXVQLsaQqjykcMOeuOqKbJ9rH1Se9uG-bqGEjdXXuKaJIHQiGe
44;https://encrypted-tbn1.gstatic.com/images?q=tbn:ANd9GcQ9oWIJtM1h31QwK4KpZtK2pymIvsO3xChuX5u6Hj2SPj1IouF_
45;https://encrypted-tbn0.gstatic.com/favicon-tbn?q=tbn:ANd9GcRICzdUowpPh-f_TtioL95nLb2tR2O0bxgtiTZK-hzg91MUrwr1eZCJPKG0UBjRcVmXVQLsaQqjykcMOeuOqKbJ9rH1Se9uG-bqGEjdXXuKaJIHQiGe
46;https://encrypted-tbn1.gstatic.com/images?q=tbn:ANd9GcTRRpQGJRScYV6CPG1qoBcNCl_5akLg8pkwx4aSYRrY9XMT7csR
47;https://encrypted-tbn0.gstatic.com/favicon-tbn?q=tbn:ANd9GcQHQslzHLLyLc_qne5jxn7JocidlmUPyegZ8ojX3WVlorFk8BxW9a3vJWjDzN99UHVTqSaNBj_-6XykhxuVQfF3Ye7xScSWSuc2QHXi0a12CkVwBmo
48;https://encrypted-tbn0.gstatic.com/images?q=tbn:ANd9GcToj0xq9ThLWjQ7a5BHA4aniWnF5XDaS3wn7qj5kZZZ8jQs6JB1
49;https://encrypted-tbn2.gstatic.com/favicon-tbn?q=tbn:ANd9GcRiToPwCAXY444Beykgzhbw_WCxnbx_zVqelrl11wTZVHBzNBV1-8Mmk6JKE66IbR4dVYVcD-pIR4xjpoHakvwWIOwVQF9tz__eIVKpWF0xji7ixJfuNTE
50;https://encrypted-tbn1.gstatic.com/images?q=tbn:ANd9GcRPCQHFyTT3Gq95p2ud8EBtr_ZKS8EB7QM6wyLR3CKXNJdKKSEh
51;https://fonts.gstatic.com/s/i/googlematerialicons/shoppingmode/v12/black-24dp/2x/gm_shoppingmode_black_24dp.png
52;https://fonts.gstatic.com/s/i/googlematerialicons/shoppingmode/v12/black-24dp/2x/gm_shoppingmode_black_24dp.png
53;https://encrypted-tbn1.gstatic.com/images?q=tbn:ANd9GcTbhpNI8djQor1AQ6vhrosX9kou6zQYXFaX_6NFc8uxN_ZoTtbZ
54;https://encrypted-tbn2.gstatic.com/favicon-tbn?q=tbn:ANd9GcQQuktqCGuJof_VT0qzNf3KGtwmYSbByzTIwFfMIOtbWkc-AM_-SDafTGG9Yw8QT9QRvtR9guasXjLUHhwrRdZHi14bd8OqPJW72zHyV8zcuYLxsQ
55;https://encrypted-tbn2.gstatic.com/images?q=tbn:ANd9GcRS0XLcSzQxuuewOv-wWH2DJusm12LGeIOzwwf-rl86GKqvssNC
56;https://encrypted-tbn1.gstatic.com/favicon-tbn?q=tbn:ANd9GcQTJWEy2c0QWBNhc6E1QRVdV9Ck8ZoMAyEndsA06JOHAdymB-yNfJsI5q6oqiejK9DJMrBuGdY4-hsBQGhZwmqy6VZDhn0bB4T8A_tePMNbrhSMmC8
57;https://encrypted-tbn2.gstatic.com/images?q=tbn:ANd9GcTkAzty0oy2fPoZ3lvkViEDPEz-p5hcLhjvf7GWc6OGaiJ4cQTD
58;https://encrypted-tbn1.gstatic.com/favicon-tbn?q=tbn:ANd9GcTJjxJGNuMDM1ct4i_WyJ9ahmsARvdj5N7MtYN2i_FObLQNX4mEewX7QVoEzCS383V2JvW_W3t6hjPnHUv3yWH5jPrGLd3JqZAB7qUgJ58WSqPhalo
59;https://encrypted-tbn2.gstatic.com/images?q=tbn:ANd9GcSisoMbHEq0m6tUS-iBSS0XmM7QjSDCvBiy-9W3gQuxTrMU76aN
60;https://encrypted-tbn0.gstatic.com/favicon-tbn?q=tbn:ANd9GcRICzdUowpPh-f_TtioL95nLb2tR2O0bxgtiTZK-hzg91MUrwr1eZCJPKG0UBjRcVmXVQLsaQqjykcMOeuOqKbJ9rH1Se9uG-bqGEjdXXuKaJIHQiGe
61;https://encrypted-tbn1.gstatic.com/images?q=tbn:ANd9GcQmWA02ob4Mbe7sOVZ_2eCPAp6h0zWw10WhMxY7Vo5DBC83EKqk
62;https://encrypted-tbn3.gstatic.com/favicon-tbn?q=tbn:ANd9GcRv794zBOQO02ChHD5K_TnlJwwf8PThFmn58OZAhQnomqvb1XKnHGAk8BQDBcyXho53FvXtsB2eVFSimUAzH3zcBAPC_yfttm2gkn07x3UumIdkepR5
63;https://encrypted-tbn3.gstatic.com/images?q=tbn:ANd9GcRkeZ2dWbTTQmcExAkZVb8Hk9Vo7h76MqYiDbxha_2XNWsdLG7q
64;https://fonts.gstatic.com/s/i/googlematerialicons/shoppingmode/v12/black-24dp/2x/gm_shoppingmode_black_24dp.png
65;https://encrypted-tbn0.gstatic.com/images?q=tbn:ANd9GcRezIyOBuZM79SFrKtNblFoDLDj8mD4z33v9o_YjKugAK4h4E0q
66;https://fonts.gstatic.com/s/i/googlematerialicons/shoppingmode/v12/black-24dp/2x/gm_shoppingmode_black_24dp.png
67;https://encrypted-tbn2.gstatic.com/favicon-tbn?q=tbn:ANd9GcTUOPfVj3PhA23WA8T9TK0eLyuJt5IDwaDqQ2HUjEaGnmdkGylqB_m3xY1jRDFCcfyBogfOUDIK3c2klvlBQZsL3lm_J1JZ_JC3mC_CYQf4Qmf-qFO2I822AU9PuQ
68;https://encrypted-tbn3.gstatic.com/images?q=tbn:ANd9GcRPqxQCsYZdTyCLlCzzkaMBMjBV55_3dyFMaJ8QP0doPJkC4ghs
69;https://encrypted-tbn3.gstatic.com/favicon-tbn?q=tbn:ANd9GcR1r4sWOziXE2De3mfax_8a7kbIVQUvxGKiRzBSHE-rgZ4EKGJh0_G6xnNQXJ57_TxPVFfN2cD3DcFD1DTV-c--RHkXJDQPmVWPwXGLCnEHEIJ8
70;https://encrypted-tbn0.gstatic.com/images?q=tbn:ANd9GcSPyUUS_6Pm6NzD-31Dr_4NRQAlPfXlIw9Mjqg_5Zabbvl4XPuB
71;https://fonts.gstatic.com/s/i/googlematerialicons/shoppingmode/v12/black-24dp/2x/gm_shoppingmode_black_24dp.png
72;https://encrypted-tbn2.gstatic.com/favicon-tbn?q=tbn:ANd9GcTJTax9265p3NUtLYSAy0yBWopeKCDj37Xwdxl-y4-wfslcmQHyI27BQ9VRmC3vXPzGraVFqwXdS8NLs-g19ZGOgpAuNB6ZSxTLR3AUu954zjh8aqY7WLrp7Q
73;https://encrypted-tbn0.gstatic.com/images?q=tbn:ANd9GcTEi4mmL6cteleZSvtQdFTEsFKIBXmLNjEN4B7VAoNY843aNaqJ
74;https://encrypted-tbn0.gstatic.com/favicon-tbn?q=tbn:ANd9GcRICzdUowpPh-f_TtioL95nLb2tR2O0bxgtiTZK-hzg91MUrwr1eZCJPKG0UBjRcVmXVQLsaQqjykcMOeuOqKbJ9rH1Se9uG-bqGEjdXXuKaJIHQiGe
75;https://encrypted-tbn2.gstatic.com/images?q=tbn:ANd9GcRMDv5EG_3GRtkRTVTIX4FkB0I_-D7l4KeJWJM57rYK6ztCmAlU
76;https://encrypted-tbn0.gstatic.com/favicon-tbn?q=tbn:ANd9GcR8uu0eyn48ZF1vcL25s9wKJZHC-LcKsMqAmumavhWlKKMTfE_tS377VY1FObZN_MfgFOLnJVy-xAlo6J4KKjv_p7u510UE3Jxv0kdOOitAjSDdpA
77;https://encrypted-tbn3.gstatic.com/images?q=tbn:ANd9GcTNGwflWyxP0KorfGgTGRdlkExleuOf70pfTGb1bAHmVsDwhUy-
78;https://fonts.gstatic.com/s/i/googlematerialicons/shoppingmode/v12/black-24dp/2x/gm_shoppingmode_black_24dp.png
79;https://encrypted-tbn0.gstatic.com/favicon-tbn?q=tbn:ANd9GcTlCbH45T_XcxB5D2uIrgqAgs2wZuyMDqLv3QyyuGoq26UgbkVjuQOFJAX8-v_6MLfepSFQlRHE31nxhLa0J5mnKj4qiRClAtRYqzCvWNQCKq9ggFVnkJFOmLldv_Y
80;https://encrypted-tbn2.gstatic.com/images?q=tbn:ANd9GcQwLso_wi_x72z_nF7VGkNd02pRpMsqoWzGedIeA99lunXs4er5
81;https://fonts.gstatic.com/s/i/googlematerialicons/shoppingmode/v12/black-24dp/2x/gm_shoppingmode_black_24dp.png
82;https://encrypted-tbn2.gstatic.com/favicon-tbn?q=tbn:ANd9GcQaSRjv_LWawFZIuJhQxfpfZrUPo_wz4af1Z1rR6VV1RPmIKj6I1dn6-eaultVPxDM6LD5Pt2oCDz8e4f-sSHIo3vmdBOwfuabsezoKlZ81qc7McEs4TBGlxJEI-iTS
83;https://encrypted-tbn1.gstatic.com/images?q=tbn:ANd9GcQlEYsSWT5sfUt2UONRDa30aUFdZai_Ia_5DIUtFKJMcnDJ9rFe
84;https://encrypted-tbn0.gstatic.com/favicon-tbn?q=tbn:ANd9GcRICzdUowpPh-f_TtioL95nLb2tR2O0bxgtiTZK-hzg91MUrwr1eZCJPKG0UBjRcVmXVQLsaQqjykcMOeuOqKbJ9rH1Se9uG-bqGEjdXXuKaJIHQiGe
85;https://encrypted-tbn2.gstatic.com/images?q=tbn:ANd9GcQQE0vKfJ1_dJybphHrLnSqKCB-Dooq7iWZ02pZzcO2dF_iWYQu
86;https://encrypted-tbn1.gstatic.com/favicon-tbn?q=tbn:ANd9GcTwsF-Li2NsumB_lrYKY32cUvxFQ6bb-Kmmf4mgOXBPghDCiYsoOVmAKxz17NX-0aeP7HJ-x4P1oxWNWWdD7lTqHKduRpX59ztR0pSnqrblN1ce
87;https://encrypted-tbn2.gstatic.com/images?q=tbn:ANd9GcSzCZ0JvOllgysB2loG3w9i4hFtTwd4B7UBnI77vGZU49M44lZR
88;https://encrypted-tbn0.gstatic.com/favicon-tbn?q=tbn:ANd9GcRICzdUowpPh-f_TtioL95nLb2tR2O0bxgtiTZK-hzg91MUrwr1eZCJPKG0UBjRcVmXVQLsaQqjykcMOeuOqKbJ9rH1Se9uG-bqGEjdXXuKaJIHQiGe
89;https://encrypted-tbn3.gstatic.com/images?q=tbn:ANd9GcTiFtrVAC-ZLPYwguuViC-K1sPOQP5RO__Nk4w7_dElOnHiHspo
90;https://encrypted-tbn1.gstatic.com/images?q=tbn:ANd9GcQMoAApVYZTLwLyeNoH38pHlKLXInJ2ouORr0n2PF7ga7RPAz68
91;https://encrypted-tbn0.gstatic.com/favicon-tbn?q=tbn:ANd9GcRICzdUowpPh-f_TtioL95nLb2tR2O0bxgtiTZK-hzg91MUrwr1eZCJPKG0UBjRcVmXVQLsaQqjykcMOeuOqKbJ9rH1Se9uG-bqGEjdXXuKaJIHQiGe
92;https://encrypted-tbn0.gstatic.com/images?q=tbn:ANd9GcTqbsBQRNCLhF-3KASLQFpxd7zzgTvwa1IQ2sXIn8qek_ZNKB5m
93;https://encrypted-tbn0.gstatic.com/favicon-tbn?q=tbn:ANd9GcTQdhYKRbbqgCC_hUKbg1LBwalc5hFvDef04aKtEm4ymk1UmePKJrPlt_LjHvB7Aq1dYoIBbiIJ1NlsjKc5XTus20V-QeQkUPl9ea4gZzUE1nhIYNB2UA
94;https://encrypted-tbn2.gstatic.com/images?q=tbn:ANd9GcSisoMbHEq0m6tUS-iBSS0XmM7QjSDCvBiy-9W3gQuxTrMU76aN
95;https://encrypted-tbn0.gstatic.com/favicon-tbn?q=tbn:ANd9GcRICzdUowpPh-f_TtioL95nLb2tR2O0bxgtiTZK-hzg91MUrwr1eZCJPKG0UBjRcVmXVQLsaQqjykcMOeuOqKbJ9rH1Se9uG-bqGEjdXXuKaJIHQiGe
96;https://encrypted-tbn0.gstatic.com/images?q=tbn:ANd9GcQachOgpV8BFlPiwEtzXJ8r8IoyvwR55TyMrw1Qyo4gU6dYsQGW
97;https://encrypted-tbn0.gstatic.com/favicon-tbn?q=tbn:ANd9GcRICzdUowpPh-f_TtioL95nLb2tR2O0bxgtiTZK-hzg91MUrwr1eZCJPKG0UBjRcVmXVQLsaQqjykcMOeuOqKbJ9rH1Se9uG-bqGEjdXXuKaJIHQiGe
98;https://encrypted-tbn0.gstatic.com/images?q=tbn:ANd9GcSvXT1Q0VedgBRR1gJ2_g-_lqATeRFhZePfksCHQYDoxako4J6o
99;https://encrypted-tbn2.gstatic.com/favicon-tbn?q=tbn:ANd9GcRiToPwCAXY444Beykgzhbw_WCxnbx_zVqelrl11wTZVHBzNBV1-8Mmk6JKE66IbR4dVYVcD-pIR4xjpoHakvwWIOwVQF9tz__eIVKpWF0xji7ixJfuNTE
100;https://encrypted-tbn1.gstatic.com/images?q=tbn:ANd9GcSGwYAZBMQ7TEYVWC5opVy8aKAce23xxHZi3Li4t02ZVc6tOcGN
101;https://fonts.gstatic.com/s/i/googlematerialicons/shoppingmode/v12/black-24dp/2x/gm_shoppingmode_black_24dp.png
102;https://fonts.gstatic.com/s/i/googlematerialicons/shoppingmode/v12/black-24dp/2x/gm_shoppingmode_black_24dp.png
103;https://encrypted-tbn3.gstatic.com/images?q=tbn:ANd9GcQw2J8KY5ek_TpgoKh6DaitTYbICkQnHbIOmkV1kcM0hgBZ42KY
104;https://encrypted-tbn0.gstatic.com/favicon-tbn?q=tbn:ANd9GcRICzdUowpPh-f_TtioL95nLb2tR2O0bxgtiTZK-hzg91MUrwr1eZCJPKG0UBjRcVmXVQLsaQqjykcMOeuOqKbJ9rH1Se9uG-bqGEjdXXuKaJIHQiGe
105;https://encrypted-tbn0.gstatic.com/images?q=tbn:ANd9GcQH9xB_Q1rULpR-VXdWRenOJQWraXJ7CdNRHmzcy1mSK9aj_Pa7
106;https://encrypted-tbn2.gstatic.com/favicon-tbn?q=tbn:ANd9GcToBGjo96GmUCHevYIGmN-UpS53MeR2ZhzA3_OkIOo1c13GKN_eBvJl9QW6mzxeD5hTpJ-y6aDxlz1ebw2zFTwvBQpumpCdgwqbY9MRx5lDJF5Ae_Qe
107;https://encrypted-tbn2.gstatic.com/images?q=tbn:ANd9GcQ08GrqQa5rwvRBsqqUY5HXnLsLh6S3sco32C4knfJmgTqkIZfW
108;https://encrypted-tbn0.gstatic.com/favicon-tbn?q=tbn:ANd9GcTobhbt0ZKwS5VFQSzydvQt8vjhhiwervtw9rdJdbWu12RMXaoRjkTltT0aoTWQ6_jjnhnlkM8mMaX4wNSw065V_4Iu62Ljd402sY56ddVX_w
109;https://encrypted-tbn0.gstatic.com/images?q=tbn:ANd9GcSPZWtpPBXDqOdA9lBv_3TOa9AHpT82HFZFymA3AoMNiSxeW36u
110;https://encrypted-tbn1.gstatic.com/favicon-tbn?q=tbn:ANd9GcR4VZ5y0kRqyPkA_Q9wVOGpTVW04P745eZMwM4j7TMyjj5p6nZIVVCTapHLPj2W49h5nOSEVoJnNIgPpeMcZpn3SW9Xq9afHhbDnpXZkA
111;https://encrypted-tbn0.gstatic.com/images?q=tbn:ANd9GcQ6c6sl82gjZJfPg2QtovQ2lDZOizUfiUcOi7Lb9GM-kOgI5Ktj
112;https://encrypted-tbn3.gstatic.com/favicon-tbn?q=tbn:ANd9GcTOkSla3xBgSGY8Vxv3HRJORoHcom_0Lnxa4c9OyARUS6iOZa2CuyO7HRMfIn2Nkn3CbNnVyyX9pi45q3fZlr9Qfs6UX7FLxq_TAfsr6fWeezQZfSQGhVc6
113;https://encrypted-tbn3.gstatic.com/images?q=tbn:ANd9GcQJQNe9Fb79LHyvb025jz02eZL5uvP-nv-rFjkhM3diZBUJ-UAR
114;https://fonts.gstatic.com/s/i/googlematerialicons/shoppingmode/v12/black-24dp/2x/gm_shoppingmode_black_24dp.png
115;https://fonts.gstatic.com/s/i/googlematerialicons/shoppingmode/v12/black-24dp/2x/gm_shoppingmode_black_24dp.png
116;https://encrypted-tbn2.gstatic.com/images?q=tbn:ANd9GcQ9X7ziM5RQhyA8zADVNHyp7GecOFTB1b4fiK3L9WGtUatZPdVb
117;https://encrypted-tbn3.gstatic.com/favicon-tbn?q=tbn:ANd9GcTZlw3sw7wsCs3m2bLw04rIrBmHXCw5ieeTslkJyR9-NLKZTQR6mmILNOa4qGyUfMuMqWn-vz4ou2VMBljNhHU-BySdrwtSgivWmbZMKYLVdxefmAJCXA
118;https://encrypted-tbn3.gstatic.com/images?q=tbn:ANd9GcRZsJ6AH9-ZFfGpgSnP-qdjTCI610K5UosdwEVRbJDabgHHlivD
119;https://encrypted-tbn0.gstatic.com/favicon-tbn?q=tbn:ANd9GcTQdhYKRbbqgCC_hUKbg1LBwalc5hFvDef04aKtEm4ymk1UmePKJrPlt_LjHvB7Aq1dYoIBbiIJ1NlsjKc5XTus20V-QeQkUPl9ea4gZzUE1nhIYNB2UA
120;https://encrypted-tbn1.gstatic.com/images?q=tbn:ANd9GcTjlKNFJXQpWDS9U_BJsewpfc6ReijVUqrF-uZGAwz09mFMQvF9
121;https://encrypted-tbn0.gstatic.com/favicon-tbn?q=tbn:ANd9GcTQdhYKRbbqgCC_hUKbg1LBwalc5hFvDef04aKtEm4ymk1UmePKJrPlt_LjHvB7Aq1dYoIBbiIJ1NlsjKc5XTus20V-QeQkUPl9ea4gZzUE1nhIYNB2UA
122;https://encrypted-tbn3.gstatic.com/images?q=tbn:ANd9GcTPbxmGUcrMDMnZ2d2kBUivdYN5uofKqpo_8-yGNVbu2mhquEB2
123;https://encrypted-tbn0.gstatic.com/favicon-tbn?q=tbn:ANd9GcRICzdUowpPh-f_TtioL95nLb2tR2O0bxgtiTZK-hzg91MUrwr1eZCJPKG0UBjRcVmXVQLsaQqjykcMOeuOqKbJ9rH1Se9uG-bqGEjdXXuKaJIHQiGe
124;https://encrypted-tbn3.gstatic.com/images?q=tbn:ANd9GcROokGE_8zhiBOUtC6fhhzvGlkmApopRztxz-2OUhoghiTtiygB
125;https://encrypted-tbn0.gstatic.com/favicon-tbn?q=tbn:ANd9GcRICzdUowpPh-f_TtioL95nLb2tR2O0bxgtiTZK-hzg91MUrwr1eZCJPKG0UBjRcVmXVQLsaQqjykcMOeuOqKbJ9rH1Se9uG-bqGEjdXXuKaJIHQiGe
126;https://encrypted-tbn1.gstatic.com/images?q=tbn:ANd9GcQNvi1_9j7GoNPCW7yq6WQTein4ctrUHz03oFDx3f-1hfS_nXGC
127;https://encrypted-tbn3.gstatic.com/favicon-tbn?q=tbn:ANd9GcTOkSla3xBgSGY8Vxv3HRJORoHcom_0Lnxa4c9OyARUS6iOZa2CuyO7HRMfIn2Nkn3CbNnVyyX9pi45q3fZlr9Qfs6UX7FLxq_TAfsr6fWeezQZfSQGhVc6
128;https://fonts.gstatic.com/s/i/googlematerialicons/shoppingmode/v12/black-24dp/2x/gm_shoppingmode_black_24dp.png
129;https://encrypted-tbn0.gstatic.com/images?q=tbn:ANd9GcRezIyOBuZM79SFrKtNblFoDLDj8mD4z33v9o_YjKugAK4h4E0q
130;https://fonts.gstatic.com/s/i/googlematerialicons/shoppingmode/v12/black-24dp/2x/gm_shoppingmode_black_24dp.png
131;https://encrypted-tbn2.gstatic.com/favicon-tbn?q=tbn:ANd9GcTUOPfVj3PhA23WA8T9TK0eLyuJt5IDwaDqQ2HUjEaGnmdkGylqB_m3xY1jRDFCcfyBogfOUDIK3c2klvlBQZsL3lm_J1JZ_JC3mC_CYQf4Qmf-qFO2I822AU9PuQ
132;https://encrypted-tbn3.gstatic.com/images?q=tbn:ANd9GcQVI7xkiDsOFVTl2gyvrB9YvUs9EQOkEzDUxb-MddeEZWICvZhb
133;https://encrypted-tbn0.gstatic.com/favicon-tbn?q=tbn:ANd9GcSc1tp84nDHVShie86kCVF6Z_Zl76dVUM_F73UqCYfOfkZgqkR-E03tdQt4El8kHvxYsL1ap3LSid90JbczHnP0miOFfTo9PZiv-tOTk5EIsg3S0bo
134;https://encrypted-tbn2.gstatic.com/images?q=tbn:ANd9GcTN6WTb6G3lu2nGUhMvmh6gc58IKfgat0RHX9U-_IdAUG0sLpYP
135;https://encrypted-tbn0.gstatic.com/favicon-tbn?q=tbn:ANd9GcTQdhYKRbbqgCC_hUKbg1LBwalc5hFvDef04aKtEm4ymk1UmePKJrPlt_LjHvB7Aq1dYoIBbiIJ1NlsjKc5XTus20V-QeQkUPl9ea4gZzUE1nhIYNB2UA
136;https://encrypted-tbn1.gstatic.com/images?q=tbn:ANd9GcTbhpNI8djQor1AQ6vhrosX9kou6zQYXFaX_6NFc8uxN_ZoTtbZ
137;https://encrypted-tbn2.gstatic.com/favicon-tbn?q=tbn:ANd9GcQQuktqCGuJof_VT0qzNf3KGtwmYSbByzTIwFfMIOtbWkc-AM_-SDafTGG9Yw8QT9QRvtR9guasXjLUHhwrRdZHi14bd8OqPJW72zHyV8zcuYLxsQ
138;https://encrypted-tbn3.gstatic.com/images?q=tbn:ANd9GcSo1_k_lBzIGF7Ojf7Cjxkqu-RxSQNMRio3XOnnPMi12CKKU0P2
139;https://encrypted-tbn3.gstatic.com/favicon-tbn?q=tbn:ANd9GcTOkSla3xBgSGY8Vxv3HRJORoHcom_0Lnxa4c9OyARUS6iOZa2CuyO7HRMfIn2Nkn3CbNnVyyX9pi45q3fZlr9Qfs6UX7FLxq_TAfsr6fWeezQZfSQGhVc6
140;https://encrypted-tbn1.gstatic.com/images?q=tbn:ANd9GcTqlweE6NgssC73-jX7F3ezeDRUhKQnfXs74RFKI5QEtKl-WWjn
141;https://fonts.gstatic.com/s/i/googlematerialicons/shoppingmode/v12/black-24dp/2x/gm_shoppingmode_black_24dp.png
142;https://fonts.gstatic.com/s/i/googlematerialicons/shoppingmode/v12/black-24dp/2x/gm_shoppingmode_black_24dp.png
143;https://encrypted-tbn0.gstatic.com/images?q=tbn:ANd9GcSRg1yU1_aVIxecY6CEIFlguSdvlgUnmEXROcwfqk1Y4EX7MUA6
144;https://encrypted-tbn0.gstatic.com/favicon-tbn?q=tbn:ANd9GcTQdhYKRbbqgCC_hUKbg1LBwalc5hFvDef04aKtEm4ymk1UmePKJrPlt_LjHvB7Aq1dYoIBbiIJ1NlsjKc5XTus20V-QeQkUPl9ea4gZzUE1nhIYNB2UA
145;https://encrypted-tbn1.gstatic.com/images?q=tbn:ANd9GcSTqpyPiUYCx1pd_qxHLdJT1J4BUwjljEbfjkSWs8mEGwJfiw9t
146;https://encrypted-tbn0.gstatic.com/favicon-tbn?q=tbn:ANd9GcTQbDplI0kVNA31aixZkaWRmaEj9ym7VJXDVcqrz8E4CuHk0-0rRJhborEp9BS53Ygzy-n0YX8cbkgq2HMOH_FWq42fLTYiKu2ZcffXRaWjr15eQE0xgoxPpZUHw3Y
147;https://encrypted-tbn0.gstatic.com/images?q=tbn:ANd9GcTqbsBQRNCLhF-3KASLQFpxd7zzgTvwa1IQ2sXIn8qek_ZNKB5m
148;https://encrypted-tbn0.gstatic.com/favicon-tbn?q=tbn:ANd9GcTQdhYKRbbqgCC_hUKbg1LBwalc5hFvDef04aKtEm4ymk1UmePKJrPlt_LjHvB7Aq1dYoIBbiIJ1NlsjKc5XTus20V-QeQkUPl9ea4gZzUE1nhIYNB2UA
149;https://encrypted-tbn2.gstatic.com/images?q=tbn:ANd9GcRWcx8qgybFosy_pc2ZwE_MRocNAKTSnftFX5JQcpbGD8aBcVrs
150;https://encrypted-tbn0.gstatic.com/favicon-tbn?q=tbn:ANd9GcSc1tp84nDHVShie86kCVF6Z_Zl76dVUM_F73UqCYfOfkZgqkR-E03tdQt4El8kHvxYsL1ap3LSid90JbczHnP0miOFfTo9PZiv-tOTk5EIsg3S0bo
151;https://encrypted-tbn2.gstatic.com/images?q=tbn:ANd9GcTrch1_j40NDMwbYFdIEIaCsNxR9N6h6yEnxIm5IPU1bZVG3L5w
152;https://encrypted-tbn1.gstatic.com/favicon-tbn?q=tbn:ANd9GcTSO47e_T6Fq2-qz2aHpFiVcNnvCwOeTuNfyJJ00-cgq3Pr-cRJh25rmGZ2dkq-hz8wx4oufy1hEidfMTD7Ayek6JEX5z8LfO3AlKyLvBDdQKk9Rrwh4u0
153;https://encrypted-tbn1.gstatic.com/images?q=tbn:ANd9GcSm9jHNPskoZzvV8RFKourR1nd9WZWxHl7Ts-Kb4qXRMssUmMns
154;https://fonts.gstatic.com/s/i/googlematerialicons/shoppingmode/v12/black-24dp/2x/gm_shoppingmode_black_24dp.png
155;https://fonts.gstatic.com/s/i/googlematerialicons/shoppingmode/v12/black-24dp/2x/gm_shoppingmode_black_24dp.png
156;https://fonts.gstatic.com/s/i/googlematerialicons/shoppingmode/v12/black-24dp/2x/gm_shoppingmode_black_24dp.png
157;https://encrypted-tbn3.gstatic.com/images?q=tbn:ANd9GcRh32TZGtYF3ZgE9Eo3x7VUTbYLbT-DJ7pNUJFYCv6mz7_2iS8n
158;https://encrypted-tbn0.gstatic.com/favicon-tbn?q=tbn:ANd9GcQEyc89GogZrMNz7m_jpYb3zHoti6b5XcSSfaWhXflVfVGGmp0oEXUsruEx69MEVJ-rejZZYanmkaPmyYXrOg0Z742fPnVc2nR_03S5HhlVDeKxSLOaDUt6MlRwmXk
159;https://encrypted-tbn3.gstatic.com/images?q=tbn:ANd9GcQPwBfNRes-tvhNZjaHrGvtU-JruZ_cig3yKWjeOPn83UcM0kUj
160;https://encrypted-tbn0.gstatic.com/favicon-tbn?q=tbn:ANd9GcQEyc89GogZrMNz7m_jpYb3zHoti6b5XcSSfaWhXflVfVGGmp0oEXUsruEx69MEVJ-rejZZYanmkaPmyYXrOg0Z742fPnVc2nR_03S5HhlVDeKxSLOaDUt6MlRwmXk
161;https://encrypted-tbn0.gstatic.com/images?q=tbn:ANd9GcTo9lpaTciYzYRVHbNnoww4f9-StWx5Usm3FdVhBg0w1avlDS9v
162;https://encrypted-tbn0.gstatic.com/favicon-tbn?q=tbn:ANd9GcQEyc89GogZrMNz7m_jpYb3zHoti6b5XcSSfaWhXflVfVGGmp0oEXUsruEx69MEVJ-rejZZYanmkaPmyYXrOg0Z742fPnVc2nR_03S5HhlVDeKxSLOaDUt6MlRwmXk
163;https://encrypted-tbn0.gstatic.com/images?q=tbn:ANd9GcSNliGf5KIBSKyT5ZgASl3F0KpxfitnBwQZDnlt_E7wuAmuif6e
164;https://encrypted-tbn3.gstatic.com/favicon-tbn?q=tbn:ANd9GcQv_T4LFhUcVcSTNb3S7Ub1iVZ7dhsGByaayjKdHIsKdNnHQCWpaOvit_UjPlrZgNX2_sELBUJVetKDLUrRP-hL_tKEw5DbIpuW80BrsUQtNcmXNsa7z16zeONMb1I
165;https://encrypted-tbn1.gstatic.com/images?q=tbn:ANd9GcTSauDh_rrv6xB8rxMc6ZISv58q3X3LV7K9nzKQeo4V0osgrOl6
166;https://encrypted-tbn3.gstatic.com/favicon-tbn?q=tbn:ANd9GcTHktWxvvw6LtquNYPSMU0cMKVxvjm05vsb-jFuDe5RBM8ZU0y0q2yK0fkInfYy45U43JiPEwdS3Z9suuKOQbhRzzTetNDXFhcp0MqoQT7H0rw
167;https://encrypted-tbn2.gstatic.com/images?q=tbn:ANd9GcQKxJ7wfE3oX8FrLJwUOEX6cBBYOC-Aha3y-l5e_-wQb8Hsde4a
168;https://fonts.gstatic.com/s/i/googlematerialicons/shoppingmode/v12/black-24dp/2x/gm_shoppingmode_black_24dp.png
169;https://encrypted-tbn3.gstatic.com/images?q=tbn:ANd9GcR2RXPCwSPy4YdjL7aj5aZVS964fp4R-LvNIDhCyiwOBD_j3Nu5
170;https://encrypted-tbn1.gstatic.com/favicon-tbn?q=tbn:ANd9GcS2_cC3yC4GWQMAjLFxgM-6mi632lzaHzLrD5rW0_1QvHN49SvqMfpLlXXiq3BAXe-rA0Zg5NSwX4m2aTPRBl_sMOQxjGhLySKiXR0223o6jkB1p6U
171;https://encrypted-tbn1.gstatic.com/images?q=tbn:ANd9GcQMoAApVYZTLwLyeNoH38pHlKLXInJ2ouORr0n2PF7ga7RPAz68
172;https://encrypted-tbn0.gstatic.com/favicon-tbn?q=tbn:ANd9GcRICzdUowpPh-f_TtioL95nLb2tR2O0bxgtiTZK-hzg91MUrwr1eZCJPKG0UBjRcVmXVQLsaQqjykcMOeuOqKbJ9rH1Se9uG-bqGEjdXXuKaJIHQiGe
173;https://encrypted-tbn0.gstatic.com/images?q=tbn:ANd9GcRrKPReJXjmT6VEvy5jevTGAKaJdUj_bD7AcRpbIppu2bs4kKSo
174;https://encrypted-tbn0.gstatic.com/favicon-tbn?q=tbn:ANd9GcQHQslzHLLyLc_qne5jxn7JocidlmUPyegZ8ojX3WVlorFk8BxW9a3vJWjDzN99UHVTqSaNBj_-6XykhxuVQfF3Ye7xScSWSuc2QHXi0a12CkVwBmo
175;https://encrypted-tbn3.gstatic.com/images?q=tbn:ANd9GcTeBoOb5mFdY08NEh_BasoXgmqmQHuC5QHAnQmvhPpwUs2I3BXn
176;https://encrypted-tbn0.gstatic.com/favicon-tbn?q=tbn:ANd9GcRICzdUowpPh-f_TtioL95nLb2tR2O0bxgtiTZK-hzg91MUrwr1eZCJPKG0UBjRcVmXVQLsaQqjykcMOeuOqKbJ9rH1Se9uG-bqGEjdXXuKaJIHQiGe
177;https://encrypted-tbn1.gstatic.com/images?q=tbn:ANd9GcQX_j6q_4OLXFc31njUmeEeCiY_L3nZDU3VHUuYCT2aym2xruc6
178;https://fonts.gstatic.com/s/i/googlematerialicons/shoppingmode/v12/black-24dp/2x/gm_shoppingmode_black_24dp.png
179;https://encrypted-tbn0.gstatic.com/favicon-tbn?q=tbn:ANd9GcSp5qhC95I6r7e8gDrEJwW4w3v04821MQuCKeFsPPMm5fvEp5mL920-kH-PNRW-s3enzxk__-OYWOz4FAWEyqj-WyOQtAaP-D-HwuNIVCB0mcSx
180;https://encrypted-tbn2.gstatic.com/images?q=tbn:ANd9GcRS0XLcSzQxuuewOv-wWH2DJusm12LGeIOzwwf-rl86GKqvssNC
181;https://fonts.gstatic.com/s/i/googlematerialicons/shoppingmode/v12/black-24dp/2x/gm_shoppingmode_black_24dp.png
182;https://encrypted-tbn0.gstatic.com/images?q=tbn:ANd9GcThGa28Vy4LppLtwdpU5uP_yJFmR2Bqd6xjYBF78uMC28mq2a46
183;https://encrypted-tbn1.gstatic.com/favicon-tbn?q=tbn:ANd9GcQ_cnyEERYDOLgoVyoxC-av4TTKcA0QxCICcnAOtWact4HHczuW_n3vjKUrCq6AUzuE6qAp5-8JxfgYP_c6B6tlsLQlzjTimgVbNjfCVPUlldp_1d8
184;https://encrypted-tbn2.gstatic.com/images?q=tbn:ANd9GcQ4b6M7Baf0OjDEi7W88o53ZWDChPQ6Q74chZe-SR4e8Ht8jPWm
185;https://encrypted-tbn1.gstatic.com/favicon-tbn?q=tbn:ANd9GcRiMLucPuakFANbSYu-Jfca51m2FGkU0Vw0CJ7ZHbuCQBcWRv2JB72AAOz8H5RWkh1_cyOlOx5FIm2YMlEsbB9iyL7aFIBkj0HmFOd-w2GS0Z2NelONKA
186;https://encrypted-tbn3.gstatic.com/images?q=tbn:ANd9GcRkeZ2dWbTTQmcExAkZVb8Hk9Vo7h76MqYiDbxha_2XNWsdLG7q
187;https://encrypted-tbn0.gstatic.com/favicon-tbn?q=tbn:ANd9GcQHQslzHLLyLc_qne5jxn7JocidlmUPyegZ8ojX3WVlorFk8BxW9a3vJWjDzN99UHVTqSaNBj_-6XykhxuVQfF3Ye7xScSWSuc2QHXi0a12CkVwBmo
188;https://encrypted-tbn2.gstatic.com/images?q=tbn:ANd9GcR9TffoaAtc2v8vpOPVrXK0mTdkRF8wmHl8I-9rnAxgCBaqRMde
189;https://encrypted-tbn3.gstatic.com/favicon-tbn?q=tbn:ANd9GcRR_KoSwzMWoK2nY9BoOuQ-qopjB3ioIR41g5OFaezfURWLcbdRx-strYMmiWRxG-SjTaTHOkk-tFQkUwKVL2GvkH1zSi_6oXzy2JNR2qPdkJNuNP6nlchfVg
190;https://encrypted-tbn1.gstatic.com/images?q=tbn:ANd9GcQWSK2VmnUJXMotgj9jN_ar6oCi9eWTNcwed4DJXosVcMN4IaQK
191;https://encrypted-tbn0.gstatic.com/favicon-tbn?q=tbn:ANd9GcQHQslzHLLyLc_qne5jxn7JocidlmUPyegZ8ojX3WVlorFk8BxW9a3vJWjDzN99UHVTqSaNBj_-6XykhxuVQfF3Ye7xScSWSuc2QHXi0a12CkVwBmo
192;https://encrypted-tbn3.gstatic.com/images?q=tbn:ANd9GcSaudsJeDlU_2TV5qIWg6f3SU-Tbb26mi4NsU_Nlt9nm7nvbZNI
193;https://fonts.gstatic.com/s/i/googlematerialicons/shoppingmode/v12/black-24dp/2x/gm_shoppingmode_black_24dp.png
194;https://encrypted-tbn2.gstatic.com/images?q=tbn:ANd9GcSwFnAFXs-aHMdBASVGL5UxL30v3wMh6B1P0lMw0shM32x6jvi7
195;https://encrypted-tbn1.gstatic.com/favicon-tbn?q=tbn:ANd9GcSxyYB1ySPqk0THwo_fodMHQSAgmqwt64BzEvSDY_4G1VtmuTs-JeINzc0-ndzOok1H_Jr0k4nSZBEyDSfVpVpVR1cJ8zKqXeJWBMy8h_gDfbce7fKW35Mt
196;https://encrypted-tbn2.gstatic.com/images?q=tbn:ANd9GcSl1nSB0POP6Ub6CCF6Zau-ezSDFciPQTTqgn4tVM77O5TKA1rZ
197;https://encrypted-tbn0.gstatic.com/favicon-tbn?q=tbn:ANd9GcTQdhYKRbbqgCC_hUKbg1LBwalc5hFvDef04aKtEm4ymk1UmePKJrPlt_LjHvB7Aq1dYoIBbiIJ1NlsjKc5XTus20V-QeQkUPl9ea4gZzUE1nhIYNB2UA
198;https://encrypted-tbn2.gstatic.com/images?q=tbn:ANd9GcTEwEaGpx5qc3wWg0hJU_F-QgsgXSDFnLhcRUOetRYkeNE5L4Rc
199;https://fonts.gstatic.com/s/i/googlematerialicons/shoppingmode/v12/black-24dp/2x/gm_shoppingmode_black_24dp.png
200;https://encrypted-tbn0.gstatic.com/favicon-tbn?q=tbn:ANd9GcTcZ-cIktnwcFt3eO_7u-nGdf6kh7w38fxuNLjsevKkSn-ntkXuA9xO2q3zSJDN9uCmei-iBMbmw46ysmTcwyxmhbUbqPTrMywmAbWCLAUAa39Dpb_04ITPL90
201;https://encrypted-tbn3.gstatic.com/images?q=tbn:ANd9GcSya8TbAd4wABS5J7jz28ASfwXfhRderW_KuZL1gcDJAKlLo2Mf
202;https://encrypted-tbn3.gstatic.com/favicon-tbn?q=tbn:ANd9GcTOkSla3xBgSGY8Vxv3HRJORoHcom_0Lnxa4c9OyARUS6iOZa2CuyO7HRMfIn2Nkn3CbNnVyyX9pi45q3fZlr9Qfs6UX7FLxq_TAfsr6fWeezQZfSQGhVc6
203;https://encrypted-tbn1.gstatic.com/images?q=tbn:ANd9GcQir0ybwyTFGeK4o6zqv_reru6bctmOMt5u3bKYo--ZckfaBFaM
204;https://encrypted-tbn1.gstatic.com/favicon-tbn?q=tbn:ANd9GcTJjxJGNuMDM1ct4i_WyJ9ahmsARvdj5N7MtYN2i_FObLQNX4mEewX7QVoEzCS383V2JvW_W3t6hjPnHUv3yWH5jPrGLd3JqZAB7qUgJ58WSqPhalo
205;https://encrypted-tbn0.gstatic.com/images?q=tbn:ANd9GcSLe4ZVSgny8uB8d0aq58NZSt2ku5icq37RuP0kmG1A0By-yaIC
206;https://encrypted-tbn3.gstatic.com/favicon-tbn?q=tbn:ANd9GcTOkSla3xBgSGY8Vxv3HRJORoHcom_0Lnxa4c9OyARUS6iOZa2CuyO7HRMfIn2Nkn3CbNnVyyX9pi45q3fZlr9Qfs6UX7FLxq_TAfsr6fWeezQZfSQGhVc6
207;https://fonts.gstatic.com/s/i/googlematerialicons/shoppingmode/v12/black-24dp/2x/gm_shoppingmode_black_24dp.png
208;https://fonts.gstatic.com/s/i/googlematerialicons/shoppingmode/v12/black-24dp/2x/gm_shoppingmode_black_24dp.png
209;https://encrypted-tbn2.gstatic.com/images?q=tbn:ANd9GcR8eGc8_LjJ9cycU0l5T-JrCVnjhVe5hVAzNCPk_VdedWSPqxNZ
210;https://fonts.gstatic.com/s/i/googlematerialicons/shoppingmode/v12/black-24dp/2x/gm_shoppingmode_black_24dp.png
211;https://encrypted-tbn2.gstatic.com/favicon-tbn?q=tbn:ANd9GcSj2O7Q8Pi431GoY3vwXR5zjb1g6j59vRwnuHfv7tTvSIwjtBGp5rRhvbvR2yVNcsHbSC-WExVL_iIexABlCAHyo15j1HU6ecum5vnIeyhRsyEuJ2cm3g
212;https://encrypted-tbn0.gstatic.com/images?q=tbn:ANd9GcQ2eb3E8vQq1O4_s-u9sU5aBlN6YhCM1gLi5O5NAoyqUb9v_E6C
213;https://fonts.gstatic.com/s/i/googlematerialicons/shoppingmode/v12/black-24dp/2x/gm_shoppingmode_black_24dp.png
214;https://encrypted-tbn3.gstatic.com/favicon-tbn?q=tbn:ANd9GcRZt6JGBpeOXS5fYbiTtaYZ7G_im3xZaa7O5HUh8BaIfO4caTSFcbqN1A4G3NwqWmw31x5VzkCpZ0g-FJ-gsCDFnnzzfrypiJGRNzlNr3nxDDGVLo-Bmw
215;https://encrypted-tbn0.gstatic.com/images?q=tbn:ANd9GcQ8MDZ9f9_SpD6mgeiL3feGQ4_ETkRRk90hLM-MxJpjO5vKSmA5
216;https://encrypted-tbn0.gstatic.com/favicon-tbn?q=tbn:ANd9GcR8uu0eyn48ZF1vcL25s9wKJZHC-LcKsMqAmumavhWlKKMTfE_tS377VY1FObZN_MfgFOLnJVy-xAlo6J4KKjv_p7u510UE3Jxv0kdOOitAjSDdpA
217;https://encrypted-tbn2.gstatic.com/images?q=tbn:ANd9GcTbWD_YUwQttofPzzFTq7EFx9xjQcDPwWZBbwMIiXsdrJF8d-dn
218;https://encrypted-tbn0.gstatic.com/favicon-tbn?q=tbn:ANd9GcR8uu0eyn48ZF1vcL25s9wKJZHC-LcKsMqAmumavhWlKKMTfE_tS377VY1FObZN_MfgFOLnJVy-xAlo6J4KKjv_p7u510UE3Jxv0kdOOitAjSDdpA
219;https://encrypted-tbn3.gstatic.com/images?q=tbn:ANd9GcSiGdsFCVztWiNJjM0FQS-TCBDg0b7Krx66yghWGjhuMia4jBfs
220;https://encrypted-tbn2.gstatic.com/favicon-tbn?q=tbn:ANd9GcSzT1p3FPZBUeFxju0uR3MgGEaMFznqoXPXDjN71U4qOct3HQpr000ffaHlWzL8YoiKbzmj_4sGAsWMiq0XW0BgjLZbVSE86liVF7lCq4M7d6JHug
221;https://encrypted-tbn2.gstatic.com/images?q=tbn:ANd9GcRQabv5AgktqTeCRSQJa1Pe3-tUZtcillqqYGVVMVy2DKxZ5ICD
222;https://fonts.gstatic.com/s/i/googlematerialicons/shoppingmode/v12/black-24dp/2x/gm_shoppingmode_black_24dp.png
223;https://fonts.gstatic.com/s/i/googlematerialicons/shoppingmode/v12/black-24dp/2x/gm_shoppingmode_black_24dp.png
224;https://fonts.gstatic.com/s/i/googlematerialicons/shoppingmode/v12/black-24dp/2x/gm_shoppingmode_black_24dp.png
225;https://fonts.gstatic.com/s/i/googlematerialicons/shoppingmode/v12/black-24dp/2x/gm_shoppingmode_black_24dp.png
226;https://fonts.gstatic.com/s/i/googlematerialicons/shoppingmode/v12/black-24dp/2x/gm_shoppingmode_black_24dp.png
227;https://encrypted-tbn2.gstatic.com/images?q=tbn:ANd9GcQ2O7SoVb-wuYQAkxjZuMdy5gKFHkwFDCB5xJXmmlMWVpZGGgf9
228;https://encrypted-tbn1.gstatic.com/favicon-tbn?q=tbn:ANd9GcRqQdPtFBN3bPsr-Qgzb7Y0PF6GpVT51CS6HYSB6PXjFM1KQM0riEjmg6eZuNil3vXzxVUlL9E0q5Xq_wIPsMz28MXi8-AtXYEI7eLNJMpzlQ
229;https://encrypted-tbn3.gstatic.com/images?q=tbn:ANd9GcTA_-z9cYqB_IzKmAuIlSaz-vUxsngXHygpMmcDfGM-Q32Xxmqc
230;https://fonts.gstatic.com/s/i/googlematerialicons/shoppingmode/v12/black-24dp/2x/gm_shoppingmode_black_24dp.png
231;https://encrypted-tbn0.gstatic.com/favicon-tbn?q=tbn:ANd9GcSp5qhC95I6r7e8gDrEJwW4w3v04821MQuCKeFsPPMm5fvEp5mL920-kH-PNRW-s3enzxk__-OYWOz4FAWEyqj-WyOQtAaP-D-HwuNIVCB0mcSx
232;https://encrypted-tbn3.gstatic.com/images?q=tbn:ANd9GcSd-akCp1P0M9DLGHg-02QmH5EaOpqL0HuTr82r7mtWv-JqDZ-Q
233;https://fonts.gstatic.com/s/i/googlematerialicons/shoppingmode/v12/black-24dp/2x/gm_shoppingmode_black_24dp.png
234;https://encrypted-tbn1.gstatic.com/favicon-tbn?q=tbn:ANd9GcQAr_X4Uk6k3YCQ85yciNmkHToHrq2z4n_nKPoMB0qQiCoYxbUpl54DLDRsOmofcnXLi4ee_CAPGgkZZBc5hUfZ61cPtw299oHSdtyvWXKHP9nYzzNGSdMovo6KVA
235;https://encrypted-tbn0.gstatic.com/images?q=tbn:ANd9GcSiffh_az8e-ZbkicgtazpfXnTMhZ4GkgMLGd333ZVic_Zap6lI
236;https://encrypted-tbn2.gstatic.com/favicon-tbn?q=tbn:ANd9GcR8BqdM0domR-NqZaaOekbYch9lQijhOwaefsqBpMQZ-MP9futhECVufAVLBLg_3hYn7lngepLFnGmkOGvlU6dAV6aY0gKzIAC2tZa__1BRXR6cFjuaOQ
237;https://encrypted-tbn0.gstatic.com/images?q=tbn:ANd9GcQXfNXzlINLvo0MiYHlhPF_hWbBtmEyhbBVcmpiqV563YEK1E8P
238;https://encrypted-tbn3.gstatic.com/favicon-tbn?q=tbn:ANd9GcTOkSla3xBgSGY8Vxv3HRJORoHcom_0Lnxa4c9OyARUS6iOZa2CuyO7HRMfIn2Nkn3CbNnVyyX9pi45q3fZlr9Qfs6UX7FLxq_TAfsr6fWeezQZfSQGhVc6
239;https://encrypted-tbn2.gstatic.com/images?q=tbn:ANd9GcRfJZtr1ufPiHhZtQIGiRR65E_Gas3VSl9xDQoyC4-t4XZBCTNB
240;https://fonts.gstatic.com/s/i/googlematerialicons/shoppingmode/v12/black-24dp/2x/gm_shoppingmode_black_24dp.png
241;https://fonts.gstatic.com/s/i/googlematerialicons/shoppingmode/v12/black-24dp/2x/gm_shoppingmode_black_24dp.png
242;https://encrypted-tbn1.gstatic.com/images?q=tbn:ANd9GcQd_U9Wqmng5lSCLmazaZDFxMzJrlaeb6qzQ2iblrzshKdc-ls3
243;https://encrypted-tbn2.gstatic.com/favicon-tbn?q=tbn:ANd9GcSEGQ3-DmufiF3G9aBhVomH-y52mrcRJpRadmN1wLwqsgG8pKSSBGwNllVXk22gpHXue-E6uq-jH74r7x4E3kdveN9gxMZ1tFXeIiFu0dh68eyTiHXg7z8eb30Dqkw
244;https://encrypted-tbn2.gstatic.com/images?q=tbn:ANd9GcRqSq4sY4LgMpbDqV-Qm7DflsC8MzcB7iomBZ5Bcruc9VRdzGbV
245;https://fonts.gstatic.com/s/i/googlematerialicons/shoppingmode/v12/black-24dp/2x/gm_shoppingmode_black_24dp.png
246;https://encrypted-tbn3.gstatic.com/favicon-tbn?q=tbn:ANd9GcRiqqFDy_lHoAV03jr2RuZqCN_8mx5ve8H0yRe6tVrFUOg2QKxkuDqVaBlukBS4NKZxQkcd-NR5jQfyLk8C5NwRRPd10q-6JjOSeaOtngmG9cjS7eQ
247;https://encrypted-tbn1.gstatic.com/images?q=tbn:ANd9GcQdz2r3EmKnirT5kSSKVOxzNci_YYbtpFJgGjpVPonhIrPjlX2X
248;https://encrypted-tbn0.gstatic.com/favicon-tbn?q=tbn:ANd9GcSPbyFXLCGjCymCuX14d2eahlvXkgRYu488Xjx-ztPmrbkS_C86dzRHicGkGNftTA9bDPrv29qOxAHXstNj6zMyO97MIqGrvazyu8GhYZx5rekbZTZwwQ
249;https://encrypted-tbn3.gstatic.com/images?q=tbn:ANd9GcTX9aMCh_flYnvSXNEKDb6obmMm82SYjEwt0JMuAGh8gM_omQN5
250;https://encrypted-tbn3.gstatic.com/favicon-tbn?q=tbn:ANd9GcR1r4sWOziXE2De3mfax_8a7kbIVQUvxGKiRzBSHE-rgZ4EKGJh0_G6xnNQXJ57_TxPVFfN2cD3DcFD1DTV-c--RHkXJDQPmVWPwXGLCnEHEIJ8
251;https://encrypted-tbn1.gstatic.com/images?q=tbn:ANd9GcQLQ7Ixp_JhbYG17CJHxuGOOvrdVl4rHkVfMR3_t8dN8hsoAe_e
252;https://encrypted-tbn1.gstatic.com/favicon-tbn?q=tbn:ANd9GcRNc96Gpf0egC9zXTCO2bqNMSFDVcAV9FjtIdGhKIp3TOGQiF2SEqiHN9CtlQyH9gDjJ5W8MH_obrk6sA784XNZetBOg-y3nAbUM3A4FByZBmJrfbY
253;https://encrypted-tbn3.gstatic.com/images?q=tbn:ANd9GcQWtL6YjYwfskVdiBzYKN3ZHhu2Ythc9LzbEngQDdoNh_dTN6xA
254;https://fonts.gstatic.com/s/i/googlematerialicons/shoppingmode/v12/black-24dp/2x/gm_shoppingmode_black_24dp.png
255;https://fonts.gstatic.com/s/i/googlematerialicons/shoppingmode/v12/black-24dp/2x/gm_shoppingmode_black_24dp.png
256;https://fonts.gstatic.com/s/i/googlematerialicons/shoppingmode/v12/black-24dp/2x/gm_shoppingmode_black_24dp.png
257;https://encrypted-tbn3.gstatic.com/images?q=tbn:ANd9GcTEMCqjzeVm3hRh4ZTtxCYW4DwvLSo6v7UEJGE45QyJGFQbpPXJ
258;https://encrypted-tbn2.gstatic.com/favicon-tbn?q=tbn:ANd9GcQjkw7NsmXXSm2Cx2X0tH2ItB5Gn6fu-F20a9ApR69S5rDZCyL1Guc1fbGwHiarkUbopQZewId6Zc06g6v9tXcNzeum42SHpBxTti_I-DQPkjr4
259;https://encrypted-tbn0.gstatic.com/images?q=tbn:ANd9GcTxQzVclBIzE4dCAhNBHL2a2DtolEoAbSMsoSH-ak7dRBaaX0Ab
260;https://encrypted-tbn0.gstatic.com/favicon-tbn?q=tbn:ANd9GcSlbxc68H-bjdNEaztEXMLVOLRPNB5GHvfYI2VwHGvzBANSP0muJHLp7R-lVHbGLloZga_w_77OB8NBjhyyouN0DV5jp0ehL2whMPI7zNtbwsiNTQL9jzRbB0eO2EHgQw
261;https://encrypted-tbn3.gstatic.com/images?q=tbn:ANd9GcT-YxR0u8KjuTDBGvoIi0XfncZf8olz5gZBbpu2U2JN5NQVKX1f
262;https://fonts.gstatic.com/s/i/googlematerialicons/shoppingmode/v12/black-24dp/2x/gm_shoppingmode_black_24dp.png
263;https://encrypted-tbn0.gstatic.com/favicon-tbn?q=tbn:ANd9GcSPbyFXLCGjCymCuX14d2eahlvXkgRYu488Xjx-ztPmrbkS_C86dzRHicGkGNftTA9bDPrv29qOxAHXstNj6zMyO97MIqGrvazyu8GhYZx5rekbZTZwwQ
264;https://encrypted-tbn0.gstatic.com/images?q=tbn:ANd9GcTRsL95lkhVc2LOxSTpZCIaCoQBnpu1oHYgV6GEct39ueRpYfAV
265;https://encrypted-tbn0.gstatic.com/favicon-tbn?q=tbn:ANd9GcRICzdUowpPh-f_TtioL95nLb2tR2O0bxgtiTZK-hzg91MUrwr1eZCJPKG0UBjRcVmXVQLsaQqjykcMOeuOqKbJ9rH1Se9uG-bqGEjdXXuKaJIHQiGe
266;https://encrypted-tbn0.gstatic.com/images?q=tbn:ANd9GcTsNmF1bp1xWwxo6D_53BE3CsQvATjQUW3ZQrcCmGgYSfP7b0VJ
267;https://encrypted-tbn2.gstatic.com/favicon-tbn?q=tbn:ANd9GcQLVNdnberkWfriyIthiO4tI46hFoK6DoH79DgpTyu_5MnzRFhrz1SeiczEVGKzUFAy_9-J1fssPNqWwx8Oc308cC6AJXkygitp8BCdMMAwrHXgAuP5lhK40ZwtEKTKIFRLYF9x0g
268;https://fonts.gstatic.com/s/i/googlematerialicons/shoppingmode/v12/black-24dp/2x/gm_shoppingmode_black_24dp.png
269;https://encrypted-tbn0.gstatic.com/images?q=tbn:ANd9GcSkFeGuwXXhKDSxHwzpQ87opF3jpXfVIgFe9b0y9MDR9uJYIyNV
270;https://encrypted-tbn0.gstatic.com/favicon-tbn?q=tbn:ANd9GcRICzdUowpPh-f_TtioL95nLb2tR2O0bxgtiTZK-hzg91MUrwr1eZCJPKG0UBjRcVmXVQLsaQqjykcMOeuOqKbJ9rH1Se9uG-bqGEjdXXuKaJIHQiGe
271;https://encrypted-tbn1.gstatic.com/images?q=tbn:ANd9GcTYmXHBXJgJe9lfEbcDB5FevWwLndBs6vbjvctg4fsHOW9LceiD
272;https://encrypted-tbn0.gstatic.com/favicon-tbn?q=tbn:ANd9GcTQdhYKRbbqgCC_hUKbg1LBwalc5hFvDef04aKtEm4ymk1UmePKJrPlt_LjHvB7Aq1dYoIBbiIJ1NlsjKc5XTus20V-QeQkUPl9ea4gZzUE1nhIYNB2UA
273;https://encrypted-tbn2.gstatic.com/images?q=tbn:ANd9GcRy53g_ZfMhCjM1lCNtXruYvTU61jzdl8rlwRlko9T36FP7XU9H
274;https://encrypted-tbn0.gstatic.com/favicon-tbn?q=tbn:ANd9GcTQdhYKRbbqgCC_hUKbg1LBwalc5hFvDef04aKtEm4ymk1UmePKJrPlt_LjHvB7Aq1dYoIBbiIJ1NlsjKc5XTus20V-QeQkUPl9ea4gZzUE1nhIYNB2UA
275;https://encrypted-tbn2.gstatic.com/images?q=tbn:ANd9GcSuzjjeJKR26rmEA_-TnsCTX84IIZfGZ4m_oA2yu30wiTvuQiL2
276;https://encrypted-tbn3.gstatic.com/favicon-tbn?q=tbn:ANd9GcRDqMaeXFo6gjDL2ntfBEohLN63ZSlTGaNIcTOPPRcJk0aMwk1-gaUFS_OVQQCA08ldUclaUaNZZVqqK35_gJfkEGzcKE_v96UEYw2tJLuz9w
277;https://encrypted-tbn3.gstatic.com/images?q=tbn:ANd9GcSrI9tVPWljGbaiZwBApWPqZqwaZuBEYg9c-ZzKBfWhrdeyUozT
278;https://encrypted-tbn0.gstatic.com/favicon-tbn?q=tbn:ANd9GcSp5qhC95I6r7e8gDrEJwW4w3v04821MQuCKeFsPPMm5fvEp5mL920-kH-PNRW-s3enzxk__-OYWOz4FAWEyqj-WyOQtAaP-D-HwuNIVCB0mcSx
279;https://encrypted-tbn1.gstatic.com/images?q=tbn:ANd9GcRyqIVsm8T4o7QX_qyePO3Qb7rZyIODeCTcyxkNYKPTk9r4ERNR
280;https://encrypted-tbn3.gstatic.com/favicon-tbn?q=tbn:ANd9GcRDqMaeXFo6gjDL2ntfBEohLN63ZSlTGaNIcTOPPRcJk0aMwk1-gaUFS_OVQQCA08ldUclaUaNZZVqqK35_gJfkEGzcKE_v96UEYw2tJLuz9w
281;https://fonts.gstatic.com/s/i/googlematerialicons/shoppingmode/v12/black-24dp/2x/gm_shoppingmode_black_24dp.png
282;https://fonts.gstatic.com/s/i/googlematerialicons/shoppingmode/v12/black-24dp/2x/gm_shoppingmode_black_24dp.png
283;https://encrypted-tbn2.gstatic.com/images?q=tbn:ANd9GcRmBW7ZlooXQSdIKowQ6_y1SqYy8NSdEZ1QUF83JDmrN-lcMO36
284;https://fonts.gstatic.com/s/i/googlematerialicons/shoppingmode/v12/black-24dp/2x/gm_shoppingmode_black_24dp.png
285;https://encrypted-tbn1.gstatic.com/favicon-tbn?q=tbn:ANd9GcQAr_X4Uk6k3YCQ85yciNmkHToHrq2z4n_nKPoMB0qQiCoYxbUpl54DLDRsOmofcnXLi4ee_CAPGgkZZBc5hUfZ61cPtw299oHSdtyvWXKHP9nYzzNGSdMovo6KVA
286;https://encrypted-tbn1.gstatic.com/images?q=tbn:ANd9GcS2_6v75fpxrdPQDGa0ANDKdOKTBQ1YXCLqlZf56H3k-fQldvLO
287;https://encrypted-tbn3.gstatic.com/favicon-tbn?q=tbn:ANd9GcTOkSla3xBgSGY8Vxv3HRJORoHcom_0Lnxa4c9OyARUS6iOZa2CuyO7HRMfIn2Nkn3CbNnVyyX9pi45q3fZlr9Qfs6UX7FLxq_TAfsr6fWeezQZfSQGhVc6
288;https://encrypted-tbn3.gstatic.com/images?q=tbn:ANd9GcQsEfs-EQYdfDKCoU736ShVoOr3TwOpdTDAbbR7_X2R6BrjwvOG
289;https://encrypted-tbn0.gstatic.com/favicon-tbn?q=tbn:ANd9GcR8uu0eyn48ZF1vcL25s9wKJZHC-LcKsMqAmumavhWlKKMTfE_tS377VY1FObZN_MfgFOLnJVy-xAlo6J4KKjv_p7u510UE3Jxv0kdOOitAjSDdpA
290;https://fonts.gstatic.com/s/i/googlematerialicons/shoppingmode/v12/black-24dp/2x/gm_shoppingmode_black_24dp.png
291;https://fonts.gstatic.com/s/i/googlematerialicons/shoppingmode/v12/black-24dp/2x/gm_shoppingmode_black_24dp.png
292;https://fonts.gstatic.com/s/i/googlematerialicons/shoppingmode/v12/black-24dp/2x/gm_shoppingmode_black_24dp.png
293;https://encrypted-tbn0.gstatic.com/images?q=tbn:ANd9GcQfke0TeHT4Dwd53p-LGSezGyl6LFvc6evxkqAudAvD3S3ctfiz
294;https://fonts.gstatic.com/s/i/googlematerialicons/shoppingmode/v12/black-24dp/2x/gm_shoppingmode_black_24dp.png
295;https://encrypted-tbn1.gstatic.com/favicon-tbn?q=tbn:ANd9GcRHTIEY7NQ_9zAO4rUQE5C9M1br3fgHd8t410dm8mZJd7Z-5Vp_ScedTkcrA-4xxu3XjTOmypIa69j1z98FMySCr3kodydYH70OGvsPG0CoMldtSK2PKYLx9m5nD1AQkw
296;https://encrypted-tbn2.gstatic.com/images?q=tbn:ANd9GcRujKvD_YI17pHj73iLHRL-0xasyYYqHGnwoe8fnZTFRAViUr7r
297;https://encrypted-tbn3.gstatic.com/favicon-tbn?q=tbn:ANd9GcRv794zBOQO02ChHD5K_TnlJwwf8PThFmn58OZAhQnomqvb1XKnHGAk8BQDBcyXho53FvXtsB2eVFSimUAzH3zcBAPC_yfttm2gkn07x3UumIdkepR5
298;https://encrypted-tbn0.gstatic.com/images?q=tbn:ANd9GcTXEh4_1UMEpxGbnKsNAQOSO_3PF0NEn_4fEnAxJW6pdzMj9r10
299;https://encrypted-tbn3.gstatic.com/favicon-tbn?q=tbn:ANd9GcT-hczPZePGDxBohwHpdBmJF3n0JmzqUJ6uRjNXbn37O874m9wvdLAbkDhcQUWmnTLKSiRt1tzXuHR2OL4dZ67cG9DFS6mNJif_e2Kgb3A78DlHCdc_sw
300;https://encrypted-tbn2.gstatic.com/images?q=tbn:ANd9GcTkgrlzMSGdPulkcSgjhB3Zbf8cedyUjGr90ZQoQOy5ipAlEe5Q
301;https://fonts.gstatic.com/s/i/googlematerialicons/shoppingmode/v12/black-24dp/2x/gm_shoppingmode_black_24dp.png
302;https://fonts.gstatic.com/s/i/googlematerialicons/shoppingmode/v12/black-24dp/2x/gm_shoppingmode_black_24dp.png
303;https://encrypted-tbn3.gstatic.com/images?q=tbn:ANd9GcQNO2pM232bXiDz0lcgay2bzp3qbJq4tciDbpiyyC2N4vQZcFe_
304;https://encrypted-tbn2.gstatic.com/favicon-tbn?q=tbn:ANd9GcSj2O7Q8Pi431GoY3vwXR5zjb1g6j59vRwnuHfv7tTvSIwjtBGp5rRhvbvR2yVNcsHbSC-WExVL_iIexABlCAHyo15j1HU6ecum5vnIeyhRsyEuJ2cm3g
305;https://encrypted-tbn2.gstatic.com/images?q=tbn:ANd9GcSRxUahXJeLDmaORFfUwdVC9YovwIQM_4YYFgtFxdCK3jAQgdJ1
306;https://fonts.gstatic.com/s/i/googlematerialicons/shoppingmode/v12/black-24dp/2x/gm_shoppingmode_black_24dp.png
307;https://encrypted-tbn2.gstatic.com/favicon-tbn?q=tbn:ANd9GcSj2O7Q8Pi431GoY3vwXR5zjb1g6j59vRwnuHfv7tTvSIwjtBGp5rRhvbvR2yVNcsHbSC-WExVL_iIexABlCAHyo15j1HU6ecum5vnIeyhRsyEuJ2cm3g
308;https://encrypted-tbn1.gstatic.com/images?q=tbn:ANd9GcQIh_0tx65P7QK1w0rdSxqDEjFK9OGeVJ7mXItZrfHBbgCZgtHr
309;https://encrypted-tbn3.gstatic.com/favicon-tbn?q=tbn:ANd9GcRXQweqDJ--lTVtUhDCmIyAGfOgOj2Ta-AAYVIs6XQQfaIXS5S0BkyGwS2BrUP_NRhL93J9Lxoi_oy_STo0mM3wUHELLwGfxnc2gxrc1LuzC6qF4pBUuUSNn68xDMI
310;https://encrypted-tbn1.gstatic.com/images?q=tbn:ANd9GcSwEWUcx9LGwJbsC1r13N-xz2rWqyalE8YwE2F7ax9p4nEurdTZ
311;https://fonts.gstatic.com/s/i/googlematerialicons/shoppingmode/v12/black-24dp/2x/gm_shoppingmode_black_24dp.png
312;https://fonts.gstatic.com/s/i/googlematerialicons/shoppingmode/v12/black-24dp/2x/gm_shoppingmode_black_24dp.png
313;https://fonts.gstatic.com/s/i/googlematerialicons/shoppingmode/v12/black-24dp/2x/gm_shoppingmode_black_24dp.png
314;https://encrypted-tbn2.gstatic.com/images?q=tbn:ANd9GcQTRBKK9JYlLAaQ6Fu3uHW8fQTJWJ68dn-aB9EDxM6ZLZSUgdVZ
315;https://encrypted-tbn3.gstatic.com/favicon-tbn?q=tbn:ANd9GcR1r4sWOziXE2De3mfax_8a7kbIVQUvxGKiRzBSHE-rgZ4EKGJh0_G6xnNQXJ57_TxPVFfN2cD3DcFD1DTV-c--RHkXJDQPmVWPwXGLCnEHEIJ8
316;https://encrypted-tbn0.gstatic.com/images?q=tbn:ANd9GcSPyUUS_6Pm6NzD-31Dr_4NRQAlPfXlIw9Mjqg_5Zabbvl4XPuB
317;https://fonts.gstatic.com/s/i/googlematerialicons/shoppingmode/v12/black-24dp/2x/gm_shoppingmode_black_24dp.png
318;https://encrypted-tbn2.gstatic.com/favicon-tbn?q=tbn:ANd9GcTJTax9265p3NUtLYSAy0yBWopeKCDj37Xwdxl-y4-wfslcmQHyI27BQ9VRmC3vXPzGraVFqwXdS8NLs-g19ZGOgpAuNB6ZSxTLR3AUu954zjh8aqY7WLrp7Q
319;https://encrypted-tbn1.gstatic.com/images?q=tbn:ANd9GcSZ3v-Kod5BsIOMsNeQAjmUdQE6Q7ZRHwDvwstp1Z1IP6SP_AR1
320;https://encrypted-tbn3.gstatic.com/favicon-tbn?q=tbn:ANd9GcTEx2Iv-ax8D0WuMgykZFFiX4vmgEwyiF7_pVZTrKlCNzKUrQZVbjLGczBMuuqEG6-tVWn3ca0XXBeA0HFNthsyyc1t2WdUoO9FxrQNKdeIGcabULSjizFN
321;https://encrypted-tbn3.gstatic.com/images?q=tbn:ANd9GcQmN8XueAKND2J56yhfQWbgm6wc33x-zYYHasrx8cKAMBWCTXB5
322;https://encrypted-tbn0.gstatic.com/favicon-tbn?q=tbn:ANd9GcTQdhYKRbbqgCC_hUKbg1LBwalc5hFvDef04aKtEm4ymk1UmePKJrPlt_LjHvB7Aq1dYoIBbiIJ1NlsjKc5XTus20V-QeQkUPl9ea4gZzUE1nhIYNB2UA
323;https://encrypted-tbn0.gstatic.com/images?q=tbn:ANd9GcR8sVrnnvcD-JAGWF1Xzu9-GAJvwIMP4VdPG2d0JcKrEJ0xBYtY
324;https://fonts.gstatic.com/s/i/googlematerialicons/shoppingmode/v12/black-24dp/2x/gm_shoppingmode_black_24dp.png
325;https://fonts.gstatic.com/s/i/googlematerialicons/shoppingmode/v12/black-24dp/2x/gm_shoppingmode_black_24dp.png
326;https://fonts.gstatic.com/s/i/googlematerialicons/shoppingmode/v12/black-24dp/2x/gm_shoppingmode_black_24dp.png
327;https://fonts.gstatic.com/s/i/googlematerialicons/shoppingmode/v12/black-24dp/2x/gm_shoppingmode_black_24dp.png
328;https://fonts.gstatic.com/s/i/googlematerialicons/shoppingmode/v12/black-24dp/2x/gm_shoppingmode_black_24dp.png
329;https://encrypted-tbn1.gstatic.com/images?q=tbn:ANd9GcT1xMUCr02_e93Zt9kecgJ_JMzb3pINnQC-z946oFO_Mia2uI6k
330;https://encrypted-tbn3.gstatic.com/favicon-tbn?q=tbn:ANd9GcRv794zBOQO02ChHD5K_TnlJwwf8PThFmn58OZAhQnomqvb1XKnHGAk8BQDBcyXho53FvXtsB2eVFSimUAzH3zcBAPC_yfttm2gkn07x3UumIdkepR5
331;https://encrypted-tbn0.gstatic.com/images?q=tbn:ANd9GcRW_pjrnjtb5dsel9OM4myzbrLiOlz5MQWbTPwJhAv-lTsEVLzF
332;https://encrypted-tbn1.gstatic.com/favicon-tbn?q=tbn:ANd9GcSxyYB1ySPqk0THwo_fodMHQSAgmqwt64BzEvSDY_4G1VtmuTs-JeINzc0-ndzOok1H_Jr0k4nSZBEyDSfVpVpVR1cJ8zKqXeJWBMy8h_gDfbce7fKW35Mt
333;https://encrypted-tbn0.gstatic.com/images?q=tbn:ANd9GcR8EQad-lOI1bDSHzKlDuOmq341nnJqbQUx5FK5tOczOHG1s2lo
334;https://fonts.gstatic.com/s/i/googlematerialicons/shoppingmode/v12/black-24dp/2x/gm_shoppingmode_black_24dp.png
335;https://encrypted-tbn3.gstatic.com/favicon-tbn?q=tbn:ANd9GcRiqqFDy_lHoAV03jr2RuZqCN_8mx5ve8H0yRe6tVrFUOg2QKxkuDqVaBlukBS4NKZxQkcd-NR5jQfyLk8C5NwRRPd10q-6JjOSeaOtngmG9cjS7eQ
336;https://encrypted-tbn1.gstatic.com/images?q=tbn:ANd9GcTAM7vxMZREFFhlkznQxSHWjhbtdinkjCrblDSHGX5S8PMeh9iv
337;https://encrypted-tbn3.gstatic.com/favicon-tbn?q=tbn:ANd9GcTHktWxvvw6LtquNYPSMU0cMKVxvjm05vsb-jFuDe5RBM8ZU0y0q2yK0fkInfYy45U43JiPEwdS3Z9suuKOQbhRzzTetNDXFhcp0MqoQT7H0rw
338;https://fonts.gstatic.com/s/i/googlematerialicons/shoppingmode/v12/black-24dp/2x/gm_shoppingmode_black_24dp.png
339;https://fonts.gstatic.com/s/i/googlematerialicons/shoppingmode/v12/black-24dp/2x/gm_shoppingmode_black_24dp.png
340;https://fonts.gstatic.com/s/i/googlematerialicons/shoppingmode/v12/black-24dp/2x/gm_shoppingmode_black_24dp.png
341;https://encrypted-tbn2.gstatic.com/images?q=tbn:ANd9GcRS0XLcSzQxuuewOv-wWH2DJusm12LGeIOzwwf-rl86GKqvssNC
342;https://encrypted-tbn1.gstatic.com/favicon-tbn?q=tbn:ANd9GcQTJWEy2c0QWBNhc6E1QRVdV9Ck8ZoMAyEndsA06JOHAdymB-yNfJsI5q6oqiejK9DJMrBuGdY4-hsBQGhZwmqy6VZDhn0bB4T8A_tePMNbrhSMmC8
343;https://encrypted-tbn2.gstatic.com/images?q=tbn:ANd9GcR-DUSEYF46nJCgNyXLo0pk0ak5Q79itmOw8-kM3tluhtiSwHVh
344;https://encrypted-tbn0.gstatic.com/favicon-tbn?q=tbn:ANd9GcTOogBkAFDC6A7SLwoB7GlAPx8Lx_zFUODf_Qw3Awg6HQ23gQutujvl3WMqCqslIFM_37vA6YQuuszjY21gsQCqpFE7cNA_sLD_OJLaNYOSgmqCbmmdCw
345;https://encrypted-tbn3.gstatic.com/images?q=tbn:ANd9GcTbDxAc8ao5dbNPoHwiRtRvGRhLxTRshSg9v353Om1GZ8LrfV6c
346;https://encrypted-tbn3.gstatic.com/favicon-tbn?q=tbn:ANd9GcSBsWVUSwX7tUN9mkAYymLWbWfIuCU4bw8MwE0sS6a6W4ml212ubozQfGBc8ojQdCTjtXdp1cPXU8Jm1IPr8-8Vs_2jEsyk4YmsdUZL1fAErHEvy5gmNQ
347;https://encrypted-tbn2.gstatic.com/images?q=tbn:ANd9GcS0zOi4fEyAFbNXWMTAdw1Ti2CWuiBg5yJQp9qUoE9WrtoQXEoX
348;https://encrypted-tbn3.gstatic.com/favicon-tbn?q=tbn:ANd9GcRv794zBOQO02ChHD5K_TnlJwwf8PThFmn58OZAhQnomqvb1XKnHGAk8BQDBcyXho53FvXtsB2eVFSimUAzH3zcBAPC_yfttm2gkn07x3UumIdkepR5
349;https://fonts.gstatic.com/s/i/googlematerialicons/shoppingmode/v12/black-24dp/2x/gm_shoppingmode_black_24dp.png
350;https://fonts.gstatic.com/s/i/googlematerialicons/shoppingmode/v12/black-24dp/2x/gm_shoppingmode_black_24dp.png
351;https://encrypted-tbn2.gstatic.com/images?q=tbn:ANd9GcSl1nSB0POP6Ub6CCF6Zau-ezSDFciPQTTqgn4tVM77O5TKA1rZ
352;https://encrypted-tbn0.gstatic.com/favicon-tbn?q=tbn:ANd9GcTQdhYKRbbqgCC_hUKbg1LBwalc5hFvDef04aKtEm4ymk1UmePKJrPlt_LjHvB7Aq1dYoIBbiIJ1NlsjKc5XTus20V-QeQkUPl9ea4gZzUE1nhIYNB2UA
353;https://encrypted-tbn1.gstatic.com/images?q=tbn:ANd9GcT9j6CCKRmVH1leMS9Tzk9NjXG5U5BX8ortMlalowtVCkLwIrVo
354;https://encrypted-tbn0.gstatic.com/favicon-tbn?q=tbn:ANd9GcR8uu0eyn48ZF1vcL25s9wKJZHC-LcKsMqAmumavhWlKKMTfE_tS377VY1FObZN_MfgFOLnJVy-xAlo6J4KKjv_p7u510UE3Jxv0kdOOitAjSDdpA
355;https://encrypted-tbn1.gstatic.com/images?q=tbn:ANd9GcTikrP0t2GyLhmHh6pqKwm8T-96dkdAoAtowxUD20fllEee_QBJ
356;https://encrypted-tbn0.gstatic.com/favicon-tbn?q=tbn:ANd9GcR8uu0eyn48ZF1vcL25s9wKJZHC-LcKsMqAmumavhWlKKMTfE_tS377VY1FObZN_MfgFOLnJVy-xAlo6J4KKjv_p7u510UE3Jxv0kdOOitAjSDdpA
357;https://encrypted-tbn2.gstatic.com/images?q=tbn:ANd9GcTGRADl_z1B5jlalExFtQwJUkvCUci4jMPPMCXyYeU8iwHWpNh9
358;https://fonts.gstatic.com/s/i/googlematerialicons/shoppingmode/v12/black-24dp/2x/gm_shoppingmode_black_24dp.png
359;https://encrypted-tbn0.gstatic.com/images?q=tbn:ANd9GcTnS6W2dx1lwev4_t5Iqc-Iu8byWcYBsO4v29pqx0zGK6fvYsUF
360;https://fonts.gstatic.com/s/i/googlematerialicons/shoppingmode/v12/black-24dp/2x/gm_shoppingmode_black_24dp.png
361;https://encrypted-tbn2.gstatic.com/favicon-tbn?q=tbn:ANd9GcSj2O7Q8Pi431GoY3vwXR5zjb1g6j59vRwnuHfv7tTvSIwjtBGp5rRhvbvR2yVNcsHbSC-WExVL_iIexABlCAHyo15j1HU6ecum5vnIeyhRsyEuJ2cm3g
362;https://encrypted-tbn0.gstatic.com/images?q=tbn:ANd9GcRWgbGDfnWX65Xv_4cys9yiy4vKyHLMzggTV9daq15oA_Q03vBj
363;https://encrypted-tbn3.gstatic.com/favicon-tbn?q=tbn:ANd9GcRDqMaeXFo6gjDL2ntfBEohLN63ZSlTGaNIcTOPPRcJk0aMwk1-gaUFS_OVQQCA08ldUclaUaNZZVqqK35_gJfkEGzcKE_v96UEYw2tJLuz9w
364;https://encrypted-tbn1.gstatic.com/images?q=tbn:ANd9GcSCRsBRA5Okt5R-reXsCq2mK6s0IIVJbA51b8PCwYpzaRSTKQT9
365;https://encrypted-tbn2.gstatic.com/favicon-tbn?q=tbn:ANd9GcTUOPfVj3PhA23WA8T9TK0eLyuJt5IDwaDqQ2HUjEaGnmdkGylqB_m3xY1jRDFCcfyBogfOUDIK3c2klvlBQZsL3lm_J1JZ_JC3mC_CYQf4Qmf-qFO2I822AU9PuQ
366;https://fonts.gstatic.com/s/i/googlematerialicons/shoppingmode/v12/black-24dp/2x/gm_shoppingmode_black_24dp.png
367;https://encrypted-tbn3.gstatic.com/images?q=tbn:ANd9GcThrIlRz0uGg45WMHMZI0-VqdICcbPTU0WKZkAMT8JE8Kskfmjo
368;https://encrypted-tbn2.gstatic.com/favicon-tbn?q=tbn:ANd9GcT7NPKmwGfJ_9bNcuBicMf7DZxLFTgFJbjHPe09MFtm32oL42nxae5yksonDb4im_gf1XafafMp9uXOT1pVdWhwzrlUX0DVuwwVAA5ZaSR2n7f0iYExMKASaLAx8NOP24RRZQiB
369;https://encrypted-tbn3.gstatic.com/images?q=tbn:ANd9GcTk_488VVoafJrQKT2qV-gvLCAtCSHsBUMJqwxr5DaVPQGHBJOV
370;https://encrypted-tbn0.gstatic.com/favicon-tbn?q=tbn:ANd9GcR8uu0eyn48ZF1vcL25s9wKJZHC-LcKsMqAmumavhWlKKMTfE_tS377VY1FObZN_MfgFOLnJVy-xAlo6J4KKjv_p7u510UE3Jxv0kdOOitAjSDdpA
371;https://encrypted-tbn3.gstatic.com/images?q=tbn:ANd9GcTFVfusmcQhgMksLQFg1_2Z5bE2mRI57zXyEGt9e9hKEwc2d9J3
372;https://encrypted-tbn0.gstatic.com/favicon-tbn?q=tbn:ANd9GcQHQslzHLLyLc_qne5jxn7JocidlmUPyegZ8ojX3WVlorFk8BxW9a3vJWjDzN99UHVTqSaNBj_-6XykhxuVQfF3Ye7xScSWSuc2QHXi0a12CkVwBmo
373;https://encrypted-tbn0.gstatic.com/images?q=tbn:ANd9GcSj_gStYQw7h402UPpov0U0-gaSkIywDSLIglk3B9TOqT1bjS20
374;https://fonts.gstatic.com/s/i/googlematerialicons/shoppingmode/v12/black-24dp/2x/gm_shoppingmode_black_24dp.png
